[
  {
    "id": "thanks",
    "word": "Thanks",
    "phonetic": "/θæŋks/",
    "partOfSpeech": ["感叹词", "名词"],
    "difficulty": 1,
    "tags": ["社交", "日常", "初级", "必学"],
    "coreMetaphor": "人情小账本",
    "introduction": "这不是普通的'谢谢'，这是你心里的<strong>人情小账本</strong>！别人帮你就在账本记一笔，你说Thanks就划掉一笔。不说Thanks？账本一直欠着，友谊的小船说翻就翻！",
    "sections": {
      "coreGame": "别人帮你 → 账本记一笔（+1）\n你说Thanks → 账本划一笔（-1）\n不说Thanks → 账本一直欠着 😠",
      "chessboards": {
        "school": {
          "title": "借橡皮风云",
          "scene": "数学课，你没带橡皮，急需救援！",
          "dialogues": [
            { "speaker": "你", "text": "橡皮借我一下？" },
            { "speaker": "同桌", "text": "给。" }
          ],
          "choices": [
            { "text": "❌ 不说话，直接拿", "result": "同桌内心OS：'又白借，下次不借了！' 关系值-5" },
            { "text": "✅ Thanks!", "result": "同桌微笑：'没事~' 关系值+10" }
          ],
          "explanation": "选'Thanks!' → 人情账本清零，友谊值+10 👍<br><small>高级技巧：说Thanks时加眼神接触效果×2！</small>"
        },
        "life": {
          "title": "早餐感谢学",
          "scene": "周一早上，快迟到了，妈妈还在为你忙碌",
          "dialogues": [
            { "speaker": "妈妈", "text": "快点吃，要迟到了！" }
          ],
          "choices": [
            { "text": "❌ 埋头吃：'嗯。'", "result": "妈妈内心：'这孩子，连句谢谢都不会说...' 家庭和谐度-20" },
            { "text": "✅ 'Thanks, mom! 超好吃！'", "result": "妈妈开心：'喜欢就好~' 家庭和谐度+10086 💖" }
          ],
          "explanation": "说Thanks时：<br>• 加眼神接触：效果×2<br>• 加微笑：效果×3<br>• 加具体内容：效果×5"
        },
        "drama": {
          "title": "戏剧挑战：感谢大师",
          "prompts": [
            "场景1：朋友帮你讲数学题讲了半小时",
            "场景2：陌生人帮你扶住要倒的自行车",
            "场景3：老师放学后单独给你补课"
          ]
        }
      },
      "memoryTip": {
        "draw": "画一个小账本📒：<br>• 左边'+'号栏（别人帮你）<br>• 右边'-'号栏（你说Thanks）<br>• 中间画'清零线'<br>配文：别人帮，记一笔；说谢谢，划一笔；账清零，笑嘻嘻！",
        "rap": "（用《小苹果》节奏）<br>你是我的小呀小账本<br>怎么清零都不嫌多<br>小小的帮助记上一笔<br>说声Thanks就划掉它<br>温暖你的心窝<br>点亮友谊的火 火火火火",
        "game": "🎮 今日游戏：人情账本模拟器<br>1. 准备纸笔，画账本表格<br>2. 记录今天谁帮了你（记+1）<br>3. 记录你今天对谁说了Thanks（记-1）<br>4. 睡前结算：全部清零 → 社交达人徽章！"
      },
      "warnings": [
        {
          "title": "用错'货币'",
          "description": "小帮助用小Thanks，大恩情用大感谢！",
          "example": "朋友帮你挡飞来的篮球 → 要说'Thank you SO much!' 或 'I really appreciate it!'",
          "icon": "💰",
          "rule": "1元店商品用1元，iPhone要用大钞票"
        },
        {
          "title": "忘记'找零'",
          "description": "别人对你说Thanks，你必须回应！",
          "example": "❌ 错误回应：'It's nothing.'（像说'不用谢，小事不值一提'）<br>✅ 正确回应：'You're welcome!' 或 'No problem!'",
          "icon": "🔄",
          "rule": "英语里必须'找零'——接受感谢并回应"
        },
        {
          "title": "讽刺语气",
          "description": "讽刺的Thanks比不说更伤人！",
          "example": "同桌故意不借你笔，你（翻白眼）：'Thanks a LOT!'<br>结果：关系值-100，进入冷战模式",
          "icon": "🎭",
          "rule": "讽刺的Thanks = 友谊毒药"
        }
      ]
    },
    "relatedWords": ["thank you", "appreciate", "gratitude", "acknowledge"],
    "color": "#FF6B9D"
  },
  {
    "id": "come",
    "word": "Come",
    "phonetic": "/kʌm/",
    "partOfSpeech": ["动词"],
    "difficulty": 2,
    "tags": ["动作", "方向", "中级", "易错"],
    "coreMetaphor": "磁铁召唤术",
    "introduction": "这不是普通的'来'，这是<strong>磁铁召唤术</strong>！说come就是喊：'过来我这儿！'",
    "sections": {
      "coreGame": "你说come = 变成磁铁 🧲<br>对方 = 被吸过来的铁东西",
      "chessboards": {
        "school": {
          "title": "课堂点名",
          "scene": "英语课上，老师点到你名字",
          "dialogues": [
            { "speaker": "老师", "text": "Please come to the blackboard." }
          ],
          "choices": [
            { "text": "❌ 坐着不动", "result": "老师生气：'Are you listening?' 课堂表现-10" },
            { "text": "✅ 站起来走过去", "result": "老师满意微笑，课堂表现+10" }
          ],
          "explanation": "老师=磁铁中心 ⭐<br>规则：只要向着说话人移动，就用come"
        },
        "life": {
          "title": "派对邀请",
          "scene": "朋友在准备生日派对",
          "dialogues": [
            { "speaker": "朋友", "text": "Come and play with us!" }
          ],
          "choices": [
            { "text": "❌ 'I'm going!'", "result": "朋友疑惑：'你要去哪？不是来派对吗？'" },
            { "text": "✅ 'I'm coming!'", "result": "朋友开心：'Great! See you soon!'" }
          ],
          "explanation": "关键：把'派对现场'设为磁铁中心<br>即使你现在不在那里，也是向着中心移动"
        }
      },
      "warnings": [
        {
          "title": "电话里的视角错位",
          "description": "向着对方移动必须用come，不能用go！",
          "example": "你在家，朋友在家：<br>❌ 'I'm going to your house.'（错！像要去别处）<br>✅ 'I'm coming to your house.'（对！向着你移动）",
          "icon": "📞",
          "rule": "向着对方移动 → come<br>离开对方移动 → go"
        }
      ]
    },
    "color": "#4A6FFF"
  },
  {
    "id": "of",
    "word": "Of",
    "phonetic": "/ʌv, əv/",
    "partOfSpeech": ["介词"],
    "difficulty": 3,
    "tags": ["关系", "连接", "中级", "语法"],
    "coreMetaphor": "万能胶水",
    "introduction": "这不是普通的'的'，这是<strong>万能胶水</strong>！能把两个东西紧紧粘在一起。",
    "sections": {
      "coreGame": "A of B = 用胶水把A和B粘在一起<br>o = 圆环（套住东西）<br>f = 挂钩（钩住东西）",
      "chessboards": {
        "school": {
          "title": "数学公式的亲戚",
          "scene": "做英语题时看到'of'",
          "example": "The capital of China is Beijing.",
          "explanation": "就像数学公式：首都 = 胶水 + 中国<br>of就是中间的等号"
        },
        "life": {
          "title": "奶茶店点单术",
          "scene": "在奶茶店点单",
          "example": "A cup of milk tea, please.",
          "explanation": "杯子 + 胶水 + 奶茶 = 一杯奶茶<br>没有of，杯子就是空的！"
        }
      }
    },
    "color": "#00C896"
  }
]